Ciprofloxacine,Cefotaxim,Tetracycline,Ampicilline
0.34274,0.29493,0.08327,0.27906
0.37423,0.34365,0.07289,0.20923
0.33988,0.35385,0.06108,0.24519
0.37564,0.27265,0.04592,0.30579
0.36845,0.31537,0.07704,0.23914
0.33716,0.32767,0.12014,0.21502
0.35632,0.38813,0.07186,0.18369
0.35083,0.32956,0.07323,0.24638
0.37629,0.35713,0.03917,0.22742
0.35051,0.29577,0.11394,0.23977
0.35892,0.34696,0.04464,0.24948
0.33393,0.38318,0.07342,0.20946
0.35233,0.38774,0.04409,0.21583
0.33508,0.39552,0.10119,0.16821
0.31654,0.40456,0.07971,0.19919
0.36419,0.34937,0.03254,0.25391
0.363,0.35321,0.06122,0.22257
0.33433,0.28046,0.11369,0.27152
0.33823,0.37791,0.05942,0.22444
0.35917,0.33722,0.06091,0.24269
0.32744,0.34989,0.09979,0.22288
0.35485,0.33425,0.10623,0.20467
0.35432,0.41668,0.05356,0.17544
0.33596,0.30446,0.11697,0.24261
0.36471,0.37517,0.07292,0.1872
0.32892,0.32953,0.09488,0.24667
0.36625,0.33624,0.04233,0.25517
0.34751,0.29751,0.11534,0.23964
0.35773,0.37009,0.00424,0.26793
0.327,0.36823,0.09955,0.20523
0.32791,0.35744,0.04681,0.26784
0.39381,0.31851,0.03459,0.25309
0.3603,0.32082,0.11712,0.20176
0.34059,0.36356,0.06497,0.23088
0.35387,0.37533,0.06008,0.21071
0.37659,0.27448,0.02882,0.32011
0.34483,0.37196,0.04757,0.23564
0.32348,0.36561,0.07642,0.23448
0.33275,0.32391,0.08151,0.26183
0.35617,0.33722,0.06078,0.24583
0.36348,0.34183,0.06179,0.2329
0.33713,0.41561,0.02305,0.2242
0.32427,0.42495,0.02774,0.22304
0.33506,0.30793,0.07176,0.28525
0.38978,0.35778,0.04595,0.20649
0.34552,0.31705,0.08562,0.25181
0.36025,0.32478,0.08633,0.22864
0.3503,0.38655,0.00461,0.25854
0.36222,0.3469,0.06277,0.22811
0.35136,0.32114,0.10936,0.21813
0.34646,0.41859,0.01458,0.22036
0.3398,0.35735,0.08226,0.22059
0.36654,0.30597,0.08681,0.24068
0.3408,0.37121,0.0908,0.19719
0.35519,0.27945,0.10778,0.25757
0.32477,0.33223,0.11601,0.227
0.3418,0.3756,0.07645,0.20615
0.37292,0.32518,0.08939,0.2125
0.36042,0.33982,0.05987,0.23989
0.35985,0.32569,0.0693,0.24515
0.32413,0.37134,0.11506,0.18946
0.3342,0.29423,0.0897,0.28187
0.34123,0.39354,0.05494,0.21028
0.34501,0.33742,0.10354,0.21403
0.35516,0.36784,0.07326,0.20374
0.35851,0.38644,0.03076,0.2243
0.34482,0.33827,0.0697,0.2472
0.33785,0.37417,0.08867,0.19931
0.34222,0.3863,0.02758,0.2439
0.35741,0.38195,0.07172,0.18893
0.35772,0.37359,0.06575,0.20294
0.40044,0.36509,0.0254,0.20906
0.372,0.40234,0.07644,0.14922
0.34808,0.3679,0.03748,0.24654
0.32417,0.3399,0.12739,0.20855
0.36327,0.34955,0.06108,0.2261
0.35638,0.3683,0.0432,0.23212
0.36882,0.33875,0.05771,0.23472
0.35397,0.33892,0.09857,0.20855
0.3439,0.41814,0.06026,0.17771
0.34181,0.34729,0.07372,0.23718
0.34337,0.38356,0.07761,0.19546
0.33505,0.33699,0.10463,0.22332
0.34314,0.37137,0.07853,0.20696
0.33065,0.36289,0.108,0.19846
0.37149,0.33363,0.04544,0.24944
0.35361,0.29826,0.10393,0.2442
0.38951,0.36209,0.01614,0.23226
0.35224,0.33837,0.07117,0.23821
0.3498,0.37519,0.06636,0.20866
0.36216,0.35301,0.07799,0.20685
0.34159,0.32598,0.07188,0.26055
0.3197,0.34491,0.11082,0.22457
0.35661,0.37006,0.08642,0.18692
0.33465,0.35932,0.09642,0.20961
0.34505,0.35815,0.06078,0.23601
0.36008,0.29644,0.04601,0.29747
0.32995,0.37746,0.08843,0.20416
0.33145,0.34621,0.09996,0.22238
0.38688,0.36196,0.06321,0.18795
0.36034,0.30724,0.06065,0.27177
0.36822,0.36487,0.0769,0.19002
0.35471,0.37012,0.02708,0.24809
0.35137,0.34896,0.09089,0.20877
0.34639,0.382,0.04372,0.22789
0.33366,0.38766,0.04529,0.23339
0.36287,0.34932,0.01896,0.26885
0.3385,0.35325,0.07599,0.23226
0.36515,0.2995,0.06107,0.27428
0.35157,0.33171,0.06536,0.25136
0.34427,0.4033,0.05348,0.19895
0.37881,0.37166,0.05455,0.19498
0.36915,0.39887,0.02889,0.2031
0.34912,0.33694,0.07727,0.23667
0.35217,0.38546,0.03511,0.22725
0.34674,0.31392,0.04408,0.29526
0.36846,0.34937,0.04975,0.23242
0.37898,0.3357,0.05681,0.2285
0.34939,0.32319,0.07014,0.25729
0.3387,0.34334,0.08856,0.22939
0.31969,0.35533,0.11841,0.20657
0.34705,0.33505,0.10747,0.21044
0.36232,0.33519,0.06538,0.2371
0.34054,0.34169,0.04638,0.27138
0.34145,0.31482,0.10964,0.23408
0.37588,0.32829,0.0841,0.21173
0.36775,0.35358,0.07084,0.20783
0.35333,0.33099,0.042,0.27368
0.34548,0.31206,0.08021,0.26225
0.33362,0.37138,0.07139,0.22361
0.35836,0.31911,0.02617,0.29636
0.3335,0.35517,0.10076,0.21057
0.36499,0.36694,0.06913,0.19894
0.34407,0.29015,0.1045,0.26128
0.36843,0.37806,0.0037,0.24982
0.32882,0.37553,0.07936,0.21629
0.34989,0.32532,0.09226,0.23253
0.34696,0.33857,0.09751,0.21696
0.36002,0.35477,0.10205,0.18316
0.37753,0.4297,-0.01713,0.20991
0.3375,0.32373,0.05676,0.28202
0.34244,0.36359,0.09609,0.19788
0.33275,0.3385,0.11874,0.21002
0.32652,0.33944,0.07833,0.25571
0.35779,0.2908,0.07691,0.27451
0.35142,0.35405,0.07026,0.22427
0.34543,0.34549,0.01453,0.29455
0.34716,0.3643,0.07837,0.21017
0.35977,0.33306,0.05716,0.25001
0.37915,0.35171,0.05177,0.21737
0.33826,0.32019,0.09299,0.24857
0.36394,0.39697,0.05911,0.17998
0.31059,0.32647,0.09569,0.26725
0.34793,0.31639,0.107,0.22868
0.35293,0.42064,0.04392,0.18251
0.34375,0.31665,0.09562,0.24398
0.37226,0.35713,0.06677,0.20385
0.37886,0.36963,0.04053,0.21098
0.36964,0.35274,0.07324,0.20438
0.34975,0.41401,0.01089,0.22535
0.3857,0.41286,0.00669,0.19476
0.35384,0.38512,0.04776,0.21328
0.33987,0.33268,0.0715,0.25595
0.35651,0.35506,0.0156,0.27284
0.36725,0.33618,0.03841,0.25816
0.34141,0.33152,0.0628,0.26427
0.33386,0.32705,0.095,0.24408
0.34109,0.35625,0.08,0.22265
0.38154,0.28842,0.03658,0.29346
0.3844,0.3686,0.03774,0.20927
0.37773,0.38369,0.02017,0.21841
0.32458,0.34351,0.10814,0.22377
0.30295,0.38503,0.04679,0.26524
0.32909,0.35883,0.07931,0.23277
0.33373,0.36973,0.07348,0.22306
0.34125,0.34397,0.07057,0.24421
0.37944,0.31619,0.06413,0.24024
0.34642,0.43653,0.064,0.15305
0.32355,0.3794,0.1019,0.19516
0.34267,0.31449,0.08388,0.25896
0.35271,0.40183,0.07437,0.1711
0.32997,0.3811,0.05368,0.23525
0.33648,0.39395,0.03641,0.23316
0.35419,0.30626,0.09708,0.24248
0.37557,0.33401,0.02684,0.26358
0.34312,0.3151,0.09697,0.24481
0.33261,0.3239,0.11029,0.2332
0.33656,0.33501,0.10327,0.22516
0.37953,0.32887,0.05802,0.23359
0.35613,0.37576,0.05616,0.21195
0.31731,0.3294,0.10251,0.25077
0.32913,0.30797,0.08492,0.27798
0.36971,0.29617,0.08576,0.24836
0.33174,0.36165,0.04903,0.25758
0.33155,0.29202,0.12255,0.25388
0.35848,0.32344,0.07304,0.24505
0.36533,0.31082,0.03414,0.28971
0.38236,0.39039,-0.00488,0.23213
0.33951,0.32468,0.06524,0.27057
0.38988,0.35595,0.0147,0.23947
0.34905,0.36844,0.06982,0.21269
0.39634,0.36101,0.03022,0.21243
0.34071,0.3453,0.03962,0.27437
0.39172,0.39829,0.0326,0.17739
0.32303,0.32518,0.08665,0.26514
0.3585,0.28164,0.07208,0.28778
0.34694,0.37711,0.07163,0.20432
0.35344,0.35354,0.076,0.21702
0.36996,0.32084,0.08315,0.22605
0.35801,0.44131,-0.04087,0.24155
0.35129,0.36263,0.05002,0.23607
0.31505,0.41053,0.06118,0.21324
0.36294,0.36184,0.06538,0.20985
0.33548,0.35816,0.09256,0.2138
0.34659,0.37316,0.05484,0.22541
0.37169,0.35234,0.06926,0.2067
0.34586,0.32705,0.0941,0.23299
0.3328,0.35513,0.08799,0.22408
0.32736,0.36743,0.07503,0.23018
0.33504,0.33143,0.08189,0.25164
0.32205,0.34508,0.08445,0.24842
0.34209,0.34166,0.0294,0.28684
0.36689,0.3733,0.03291,0.2269
0.35475,0.37023,0.04476,0.23025
0.33336,0.31334,0.11291,0.24039
0.34037,0.32117,0.11401,0.22445
0.37333,0.36855,0.04768,0.21045
0.37143,0.3644,0.03816,0.22601
0.35485,0.37455,0.04563,0.22497
0.36689,0.30767,0.05907,0.26638
0.35479,0.33039,0.10015,0.21468
0.3544,0.32669,0.06137,0.25754
0.34875,0.31842,0.07885,0.25398
0.36378,0.33574,0.03764,0.26283
0.33246,0.33424,0.12064,0.21267
0.34141,0.36226,0.08834,0.20798
0.33506,0.32425,0.10674,0.23394
0.37421,0.31941,0.02019,0.28619
0.33634,0.33052,0.07023,0.26291
0.36572,0.35632,0.01164,0.26632
0.33162,0.31154,0.0882,0.26864
0.32306,0.32103,0.109,0.24691
0.37064,0.35641,0.08191,0.19104
0.33836,0.32441,0.06385,0.27337
0.36116,0.3495,0.0583,0.23105
0.36573,0.36453,0.0021,0.26763
0.34861,0.35211,0.05924,0.24005
0.34825,0.333,0.0728,0.24595
0.3329,0.33346,0.11106,0.22258
0.37846,0.3578,0.06358,0.20016
0.35446,0.35845,0.075,0.21208
0.34005,0.33388,0.10551,0.22056
0.3683,0.33608,0.09938,0.19623
0.32922,0.34231,0.12763,0.20084
0.35035,0.37733,0.04149,0.23083
0.38243,0.32739,0.03589,0.25429
0.33426,0.34196,0.09163,0.23215
0.38143,0.40528,0.01246,0.20083
0.35226,0.37148,0.07107,0.20519
0.32007,0.34539,0.09008,0.24446
0.35684,0.41938,0.01345,0.21033
0.37959,0.31301,0.04992,0.25748
0.32036,0.3686,0.09544,0.21561
0.36389,0.3566,0.06354,0.21597
0.35091,0.29666,0.0857,0.26673
0.3469,0.35151,0.09282,0.20877
0.34833,0.30682,0.08466,0.26019
0.34599,0.34249,0.09535,0.21617
0.31543,0.34093,0.11053,0.23311
0.35671,0.33653,0.09268,0.21409
0.36919,0.38652,0.0491,0.19519
0.3584,0.34677,0.05423,0.2406
0.35993,0.31135,0.06502,0.2637
0.38095,0.37037,0.03821,0.21046
0.34713,0.35033,0.06563,0.2369
0.35302,0.3808,0.06341,0.20277
0.32763,0.3756,0.05499,0.24178
0.31712,0.3016,0.12131,0.25997
0.35435,0.33724,0.08126,0.22714
0.37933,0.36228,0.03839,0.21999
0.3617,0.34826,0.04725,0.2428
0.36746,0.33397,0.06908,0.2295
0.38562,0.30817,0.04663,0.25958
0.3502,0.41738,0.0766,0.15582
0.33303,0.32577,0.12452,0.21668
0.33183,0.34345,0.07879,0.24593
0.37206,0.29112,0.05221,0.28461
0.3627,0.33983,0.11349,0.18399
0.34297,0.34524,0.07609,0.23569
0.3562,0.3588,0.08752,0.19749
0.34966,0.29365,0.09375,0.26295
0.34174,0.38669,0.03067,0.2409
0.38084,0.32424,0.0463,0.24861
0.31535,0.32474,0.1271,0.23281
0.3267,0.34735,0.07867,0.24727
0.34889,0.33713,0.08606,0.22793
0.37426,0.37687,0.01336,0.23551
0.34277,0.32915,0.07253,0.25555
0.35688,0.37242,0.03629,0.23441
0.33915,0.39421,0.06317,0.20347
0.32853,0.35009,0.09738,0.22401
0.34655,0.37337,0.02542,0.25466
0.33775,0.33074,0.06163,0.26989
0.3462,0.35577,0.08235,0.21569
0.35605,0.32488,0.07313,0.24594
0.35594,0.34956,0.08028,0.21421
0.33861,0.31924,0.09903,0.24312
0.34362,0.34632,0.08885,0.2212
0.34205,0.33276,0.06978,0.25541
0.34547,0.40541,0.07574,0.17339
0.35687,0.35908,0.09027,0.19378
0.35223,0.3803,0.06022,0.20725
0.33899,0.36404,0.06247,0.23451
0.33047,0.35058,0.07749,0.24146
0.32979,0.37485,0.06894,0.22643
0.37546,0.30999,0.08431,0.23025
0.32011,0.3512,0.08282,0.24588
0.35921,0.32095,0.09634,0.22351
0.37664,0.37679,0.04228,0.20429
0.34537,0.33547,0.09891,0.22024
0.32743,0.37748,0.09412,0.20097
0.32892,0.3756,0.0915,0.20398
0.35558,0.35089,0.05487,0.23866
0.33084,0.38972,0.05928,0.22016
0.36185,0.424,0.01704,0.19712
0.36441,0.36015,0.04664,0.2288
0.2954,0.35719,0.07801,0.2694
0.33439,0.3626,0.08957,0.21344
0.35475,0.3674,0.05406,0.22379
0.35443,0.37131,0.05196,0.2223
0.34527,0.34232,0.06211,0.25029
0.34761,0.33873,0.0733,0.24036
0.31171,0.36056,0.08762,0.24011
0.35231,0.37683,0.05535,0.21551
0.3483,0.39165,0.03879,0.22126
0.33012,0.33959,0.08523,0.24506
0.32931,0.3489,0.08908,0.23271
0.35066,0.33128,0.07768,0.24038
0.3672,0.34535,0.06632,0.22113
0.38185,0.3287,0.03529,0.25417
0.34333,0.35234,0.09449,0.20984
0.34966,0.33199,0.07321,0.24513
0.32626,0.35026,0.08288,0.24061
0.35636,0.38881,0.07284,0.18198
0.37602,0.31847,0.05961,0.2459
0.38234,0.40851,0.0207,0.18844
0.3211,0.36424,0.07136,0.2433
0.37622,0.35155,0.04289,0.22934
0.32406,0.31463,0.10619,0.25511
0.38218,0.33481,0.03883,0.24417
0.34701,0.32298,0.09223,0.23779
0.34547,0.33904,0.06895,0.24655
0.36857,0.30776,0.07575,0.24792
0.35973,0.33263,0.09085,0.21679
0.37289,0.29563,0.06558,0.2659
0.32752,0.36308,0.09984,0.20956
0.36016,0.37908,0.04357,0.21719
0.32918,0.31687,0.10215,0.2518
0.3437,0.36118,0.02183,0.27329
0.35192,0.34612,0.08093,0.22102
0.35247,0.30974,0.09866,0.23913
0.33446,0.33635,0.07935,0.24985
0.35126,0.32049,0.0561,0.27215
0.36875,0.34033,0.05942,0.23149
0.3622,0.34982,0.08162,0.20636
0.33896,0.32375,0.08944,0.24785
0.34647,0.3538,0.09374,0.20598
0.33819,0.35385,0.08731,0.22065
0.37965,0.31332,0.04181,0.26522
0.39034,0.37906,-0.02086,0.25147
0.34089,0.29701,0.07318,0.28892
0.36395,0.40387,-0.01494,0.24712
0.38726,0.37021,0.04162,0.20091
0.33963,0.30846,0.08137,0.27053
0.37268,0.33444,0.07065,0.22222
0.33096,0.37302,0.06868,0.22735
0.34682,0.32336,0.08377,0.24605
0.34615,0.35696,0.05542,0.24147
0.30918,0.36456,0.10142,0.22484
0.32626,0.34474,0.1041,0.2249
0.35668,0.39716,0.06227,0.18389
0.32365,0.3309,0.10186,0.2436
0.36355,0.29062,0.02475,0.32107
0.36502,0.2855,0.03416,0.31531
0.33847,0.39838,0.01151,0.25164
0.33784,0.30734,0.05882,0.296
0.33307,0.33326,0.08178,0.25189
0.37889,0.40311,0.05092,0.16708
0.33362,0.35821,0.05567,0.25251
0.34635,0.28654,0.09792,0.26919
0.36252,0.34124,0.06148,0.23476
0.34322,0.32779,0.08511,0.24388
0.36127,0.33639,0.05422,0.24813
0.3541,0.30236,0.10641,0.23713
0.36315,0.31384,0.11981,0.2032
0.36247,0.31242,0.08879,0.23632
0.35953,0.33383,0.04703,0.25961
0.38387,0.32986,0.06903,0.21723
0.3917,0.35245,0.05476,0.20108
0.33042,0.3087,0.08721,0.27366
0.35187,0.31887,0.09052,0.23874
0.36084,0.33487,0.09683,0.20745
0.41143,0.4259,0.00496,0.15771
0.37063,0.43681,0.01538,0.17718
0.358,0.34235,0.05256,0.24709
0.36312,0.37265,0.0579,0.20633
0.33612,0.37669,0.06404,0.22314
0.36788,0.32024,0.08071,0.23117
0.35033,0.26497,0.08294,0.30177
0.36678,0.35627,0.06925,0.2077
0.3818,0.3007,0.03999,0.27751
0.34474,0.35075,0.09456,0.20995
0.33137,0.29832,0.13544,0.23488
0.34112,0.2836,0.11741,0.25788
0.33543,0.33732,0.08454,0.24271
0.34877,0.32011,0.0689,0.26222
0.33743,0.30329,0.08814,0.27113
0.40079,0.3304,0.04147,0.22734
0.3362,0.34975,0.06578,0.24828
0.35657,0.32416,0.08638,0.23289
0.33929,0.35746,0.08409,0.21917
0.34732,0.34138,0.07556,0.23574
0.33097,0.36408,0.08015,0.2248
0.33064,0.34097,0.05939,0.269
0.33326,0.3711,0.11886,0.17678
0.33097,0.39624,0.05334,0.21945
0.37066,0.35987,-0.00815,0.27763
0.356,0.36918,0.03985,0.23496
0.32254,0.3485,0.08476,0.24419
0.31664,0.42471,0.08941,0.16924
0.34516,0.35123,0.08268,0.22092
0.30923,0.34336,0.06764,0.27977
0.37035,0.34111,0.06495,0.22359
0.35319,0.35778,0.04236,0.24666
0.38272,0.36463,0.01651,0.23614
0.35598,0.33403,0.05483,0.25517
0.36972,0.34612,0.06792,0.21624
0.33497,0.35317,0.06341,0.24845
0.33388,0.31907,0.1032,0.24385
0.34637,0.3417,0.08618,0.22575
0.34483,0.32344,0.10773,0.224
0.36646,0.38198,0.06695,0.18462
0.34614,0.36373,0.04962,0.2405
0.38578,0.35975,0.00612,0.24835
0.36446,0.35864,0.07477,0.20213
0.41455,0.39712,0.00124,0.18709
0.37761,0.35091,0.03737,0.23411
0.35135,0.32206,0.09511,0.23148
0.35631,0.36178,0.08002,0.20189
0.36784,0.38702,0.04847,0.19666
0.31922,0.37631,0.06875,0.23571
0.33734,0.29804,0.10055,0.26408
0.34497,0.42783,0.04725,0.17995
0.34064,0.34337,0.08244,0.23355
0.36059,0.3401,0.06211,0.2372
0.37598,0.37513,0.03646,0.21244
0.37973,0.3163,0.09935,0.20462
0.33384,0.34216,0.09125,0.23275
0.38531,0.25966,0.04724,0.30779
0.36017,0.30527,0.08377,0.25079
0.35159,0.28568,0.07268,0.29004
0.33955,0.38271,0.05826,0.21948
0.38984,0.32747,0.06418,0.21851
0.3808,0.32836,0.07448,0.21636
0.33284,0.35069,0.07759,0.23887
0.35071,0.31269,0.10024,0.23636
0.32595,0.33616,0.08698,0.25092
0.35854,0.31359,0.06634,0.26152
0.34916,0.37194,0.03291,0.24599
0.33001,0.37345,0.04378,0.25276
0.36406,0.29373,0.07694,0.26527
0.35782,0.37679,0.05787,0.20752
0.34378,0.36795,0.01863,0.26964
0.31021,0.36096,0.0708,0.25802
0.3462,0.28768,0.10458,0.26154
0.38578,0.32223,0.02141,0.27058
0.35091,0.31887,0.07785,0.25237
0.31763,0.33356,0.07393,0.27488
0.33422,0.3418,0.08933,0.23465
0.3367,0.34934,0.04582,0.26814
0.34169,0.31203,0.09402,0.25226
0.37658,0.36793,0.04217,0.21331
0.35467,0.33783,0.05933,0.24816
0.34448,0.38021,0.08723,0.18808
0.35864,0.36691,0.05715,0.2173
0.3554,0.33154,0.09138,0.22168
0.36011,0.37428,0.09657,0.16903
0.31185,0.37764,0.08587,0.22465
0.36856,0.34468,0.08803,0.19872
0.35112,0.44127,0.00246,0.20514
0.39766,0.30105,0.06612,0.23517
0.3376,0.32965,0.11184,0.22092
0.35774,0.35783,0.04581,0.23862
0.33316,0.36298,0.07673,0.22713
0.32927,0.31092,0.10754,0.25227
0.34455,0.30186,0.0724,0.2812
0.37852,0.33179,0.07409,0.21561
0.36013,0.33486,0.07704,0.22797
0.31813,0.36024,0.08338,0.23825
0.3293,0.35875,0.09947,0.21248
0.34323,0.40971,0.05272,0.19434
0.33949,0.33852,0.09466,0.22733
0.34125,0.33508,0.09385,0.22981
0.35379,0.34462,0.07603,0.22556
0.37282,0.31917,0.04354,0.26447
0.35748,0.32017,0.0861,0.23625
0.31457,0.35614,0.06448,0.26481
0.34077,0.34712,0.06195,0.25016
0.36476,0.33509,0.02801,0.27214
0.37882,0.4413,-0.01302,0.1929
0.35626,0.32361,0.09445,0.22568
0.36399,0.37315,0.01915,0.24372
0.35056,0.32134,0.06698,0.26112
0.31169,0.32982,0.09489,0.2636
0.34188,0.31735,0.059,0.28177
0.33676,0.37892,0.05,0.23432
0.33628,0.37377,0.0462,0.24374
0.34324,0.2925,0.13376,0.23051
0.36617,0.31419,0.07278,0.24686
0.34944,0.41917,0.03775,0.19364
0.36613,0.39856,0.01631,0.219
0.37549,0.3563,0.00323,0.26498
0.36487,0.36788,0.04889,0.21837
0.36183,0.33475,0.04892,0.2545
0.33547,0.3253,0.09771,0.24152
0.35139,0.30172,0.0855,0.26139
0.35304,0.35163,0.08025,0.21508
0.34908,0.35806,0.05959,0.23328
0.33495,0.32829,0.04066,0.2961
0.3467,0.36645,0.09687,0.18998
0.38736,0.28674,0.08533,0.24057
0.31468,0.36314,0.05368,0.2685
0.3306,0.36922,0.11392,0.18626
0.3784,0.39889,0.05572,0.16699
0.35725,0.40714,0.00701,0.2286
0.32554,0.33408,0.09706,0.24332
0.38197,0.35968,0.02225,0.2361
0.32903,0.33392,0.08028,0.25677
0.34656,0.37468,0.02463,0.25413
0.32927,0.37287,0.09514,0.20272
0.35432,0.33741,0.08248,0.2258
0.36062,0.33929,0.07326,0.22683
0.31439,0.35512,0.10755,0.22294
0.36365,0.39139,0.04735,0.19761
0.34457,0.3427,0.09083,0.2219
0.37594,0.36804,0.05156,0.20446
0.35837,0.30192,0.07541,0.2643
0.34866,0.35221,0.07019,0.22894
0.34665,0.30077,0.10441,0.24816
0.34234,0.37244,0.05728,0.22794
0.37915,0.32844,0.08636,0.20605
0.32989,0.31789,0.11808,0.23414
0.3306,0.37489,0.03898,0.25553
0.34448,0.39148,-0.03338,0.29741
0.33353,0.33134,0.04928,0.28585
0.35517,0.38335,0.06566,0.19582
0.36341,0.36754,0.06688,0.20218
0.35006,0.34605,0.07176,0.23213
0.33209,0.36296,0.10344,0.20151
0.30521,0.38372,0.06925,0.24182
0.34039,0.34415,0.06589,0.24956
0.33874,0.33028,0.09303,0.23795
0.36314,0.36783,0.05631,0.21272
0.34987,0.31837,0.08628,0.24548
0.36572,0.32044,0.05909,0.25475
0.34095,0.42428,0.06208,0.17269
0.36539,0.29888,0.05084,0.28489
0.35354,0.28354,0.11638,0.24654
0.34683,0.35699,0.07966,0.21653
0.34162,0.33848,0.07813,0.24177
0.32896,0.33928,0.09421,0.23756
0.36462,0.30272,0.06654,0.26612
0.35681,0.31256,0.0901,0.24053
0.34106,0.36251,0.08108,0.21535
0.33505,0.34533,0.07749,0.24213
0.33141,0.35471,0.05812,0.25577
0.35965,0.3571,0.08551,0.19774
0.33656,0.37891,0.07377,0.21076
0.35908,0.32137,0.07553,0.24402
0.3749,0.28402,0.08,0.26109
0.3355,0.43166,0.02691,0.20593
0.37868,0.40402,0.051,0.16631
0.36368,0.35779,0.07641,0.20211
0.33958,0.31285,0.09887,0.2487
0.37874,0.39291,0.02241,0.20594
0.36154,0.3728,0.01712,0.24854
0.34897,0.37607,0.05988,0.21509
0.33758,0.30806,0.05939,0.29497
0.3397,0.3227,0.09293,0.24467
0.36203,0.36866,0.03916,0.23015
0.36353,0.38596,0.07975,0.17076
0.36133,0.31778,0.03774,0.28315
0.37542,0.38825,0.05007,0.18626
0.36271,0.37937,0.04539,0.21254
0.34785,0.33072,0.10522,0.21621
0.36198,0.38935,0.05918,0.1895
0.35631,0.388,0.04136,0.21433
0.33148,0.45564,0.00427,0.20862
0.33856,0.31729,0.11149,0.23266
0.33687,0.37363,0.05124,0.23826
0.32336,0.34573,0.09324,0.23767
0.33755,0.3413,0.09362,0.22753
0.35099,0.33835,0.08316,0.2275
0.36957,0.42206,0.04068,0.16769
0.34543,0.28594,0.08395,0.28467
0.37236,0.32937,0.06205,0.23622
0.33378,0.35252,0.11185,0.20185
0.35201,0.29602,0.09876,0.2532
0.3381,0.38727,0.06928,0.20535
0.33577,0.34139,0.07571,0.24712
0.34617,0.36991,0.08524,0.19868
0.38078,0.35198,0.03979,0.22745
0.34732,0.3309,0.07463,0.24714
0.34206,0.34958,0.08427,0.22408
0.32255,0.34578,0.10101,0.23065
0.33331,0.34668,0.06437,0.25565
0.37977,0.3391,0.04146,0.23967
0.36307,0.35523,0.04494,0.23676
0.35149,0.33463,0.09232,0.22156
0.33712,0.36287,0.05584,0.24417
0.38649,0.35418,0.07996,0.17937
0.34846,0.28884,0.09743,0.26527
0.32508,0.33085,0.06765,0.27643
0.34529,0.36622,0.08552,0.20297
0.32028,0.34347,0.11557,0.22068
0.38474,0.36276,0.05193,0.20057
0.31506,0.31788,0.10811,0.25895
0.33044,0.32384,0.12959,0.21612
0.36455,0.34889,0.06466,0.22191
0.34499,0.29478,0.08052,0.2797
0.32212,0.36994,0.08038,0.22756
0.37895,0.36312,0.03298,0.22496
0.369,0.36664,0.02884,0.23552
0.37106,0.30821,0.10573,0.215
0.36106,0.35076,0.05573,0.23245
0.34563,0.32478,0.09965,0.22995
0.31047,0.32668,0.09367,0.26918
0.35592,0.38489,0.05924,0.19996
0.34294,0.35842,0.08333,0.21531
0.3835,0.29331,0.0356,0.28759
0.34722,0.3222,0.12243,0.20816
0.32323,0.30515,0.12067,0.25096
0.35787,0.36259,0.05744,0.2221
0.32872,0.35013,0.06515,0.256
0.32806,0.36856,0.06624,0.23715
0.35554,0.35915,0.06188,0.22343
0.34377,0.30624,0.11197,0.23801
0.3616,0.32927,0.06372,0.24542
0.36834,0.3962,0.05294,0.18252
0.34051,0.39852,0.05952,0.20145
0.37772,0.37499,0.05832,0.18896
0.32455,0.45949,0.04043,0.17552
0.39605,0.3641,0.02862,0.21123
0.34365,0.39315,0.02856,0.23464
0.32886,0.36701,0.07338,0.23075
0.3773,0.3869,0.01324,0.22256
0.35294,0.37375,0.07935,0.19397
0.32842,0.34496,0.06536,0.26126
0.34595,0.32095,0.09881,0.23429
0.36108,0.3537,0.0805,0.20472
0.3331,0.32996,0.06134,0.2756
0.3434,0.3674,0.04479,0.24441
0.34036,0.39082,0.0649,0.20392
0.34813,0.30635,0.07881,0.26671
0.36771,0.38322,0.06583,0.18323
0.33488,0.3318,0.11508,0.21824
0.33128,0.28001,0.10328,0.28543
0.33437,0.34212,0.103,0.22051
0.33721,0.36784,0.08588,0.20907
0.35982,0.34911,0.06062,0.23044
0.30375,0.35059,0.12288,0.22277
0.37132,0.37801,0.05147,0.1992
0.32202,0.32097,0.10304,0.25397
0.34138,0.31644,0.08886,0.25332
0.35178,0.3371,0.05771,0.25341
0.3547,0.38413,0.03143,0.22974
0.32096,0.37421,0.09828,0.20656
0.33149,0.34093,0.05981,0.26777
0.38062,0.41874,0.03046,0.17018
0.37687,0.36669,0.01094,0.2455
0.33866,0.35596,0.03771,0.26767
0.32412,0.34024,0.11476,0.22087
0.37859,0.34244,0.0349,0.24407
0.36198,0.32913,0.07671,0.23218
0.35643,0.32495,0.07827,0.24035
0.33531,0.3535,0.11132,0.19988
0.35356,0.34883,0.05657,0.24103
0.35343,0.41172,0.03183,0.20302
0.34581,0.28096,0.06798,0.30526
0.35751,0.33911,0.05458,0.24879
0.32727,0.33865,0.08052,0.25356
0.3312,0.35172,0.08826,0.22883
0.35741,0.32642,0.10112,0.21504
0.35033,0.31356,0.11181,0.22429
0.32609,0.27488,0.15131,0.24772
0.33275,0.32018,0.07769,0.26939
0.38744,0.44269,0.03705,0.13283
0.34993,0.36025,0.05351,0.23631
0.34194,0.32163,0.09736,0.23907
0.36396,0.31355,0.05526,0.26723
0.35191,0.35718,0.06645,0.22445
0.34929,0.32343,0.0987,0.22858
0.34133,0.3375,0.10078,0.22039
0.34204,0.31738,0.0819,0.25868
0.35272,0.34994,0.04667,0.25066
0.33297,0.33447,0.12717,0.2054
0.36818,0.37221,0.04702,0.21258
0.33564,0.36616,0.05601,0.24219
0.34373,0.34657,0.08874,0.22096
0.37033,0.37761,0.01422,0.23784
0.35562,0.383,0.13962,0.12176
0.36908,0.3083,0.09632,0.2263
0.32299,0.35544,0.09918,0.22239
0.34746,0.31048,0.08288,0.25917
0.35411,0.31786,0.0924,0.23563
0.3818,0.34359,0.04281,0.23181
0.37454,0.34685,0.01556,0.26305
0.38392,0.2873,0.01561,0.31318
0.3327,0.34693,0.06579,0.25459
0.36605,0.35262,0.02046,0.26087
0.34453,0.33113,0.10641,0.21793
0.35191,0.33789,0.09964,0.21055
0.33528,0.33857,0.06972,0.25642
0.36044,0.34747,0.0633,0.22879
0.34007,0.37613,0.05287,0.23092
0.34443,0.29655,0.09895,0.26006
0.34443,0.3717,0.0762,0.20767
0.339,0.375,0.08616,0.19984
0.32144,0.42281,0.08785,0.16791
0.40083,0.37282,0.03837,0.18797
0.34249,0.37845,0.07084,0.20822
0.3748,0.3618,0.0353,0.22809
0.33859,0.39882,0.075,0.18759
0.35591,0.28848,0.08785,0.26776
0.37542,0.37085,0.05325,0.20048
0.34281,0.37046,0.09635,0.19038
0.33218,0.34949,0.09707,0.22126
0.33665,0.37911,0.08524,0.19901
0.37285,0.35534,0.02337,0.24843
0.30907,0.37222,0.11065,0.20807
0.35389,0.40471,0.05399,0.1874
0.33178,0.45479,0.0217,0.19173
0.35164,0.36492,0.09371,0.18973
0.35074,0.3451,0.08306,0.2211
0.3471,0.35962,0.04272,0.25056
0.33504,0.41571,0.02393,0.22532
0.34932,0.41677,0.04677,0.18714
0.3393,0.30996,0.08812,0.26262
0.35695,0.32458,0.10083,0.21763
0.29798,0.34243,0.13396,0.22563
0.38115,0.32229,0.06103,0.23552
0.34359,0.34546,0.05591,0.25504
0.31511,0.36638,0.10319,0.21531
0.34764,0.30928,0.0468,0.29628
0.37439,0.36923,-0.01324,0.26963
0.38246,0.33875,0.06542,0.21337
0.34467,0.35121,0.079,0.22513
0.31846,0.35669,0.10523,0.21963
0.33337,0.37226,0.06681,0.22756
0.38962,0.29143,0.04979,0.26916
0.38572,0.36243,-0.00802,0.25987
0.33614,0.33322,0.07357,0.25707
0.33442,0.37429,0.02909,0.2622
0.32677,0.29449,0.09558,0.28316
0.35343,0.36023,0.04827,0.23806
0.37241,0.33974,0.07963,0.20822
0.32627,0.33004,0.08436,0.25932
0.36435,0.33713,0.11316,0.18535
0.3353,0.46868,0.01259,0.18343
0.34563,0.34179,0.04465,0.26793
0.32563,0.36791,0.05557,0.25088
0.36619,0.36152,0.09459,0.1777
0.38089,0.33378,0.10787,0.17745
0.36746,0.33306,0.06801,0.23147
0.34746,0.3206,0.09769,0.23426
0.31795,0.3288,0.08706,0.26619
0.33012,0.36652,0.11563,0.18773
0.35057,0.38083,0.03328,0.23532
0.33793,0.34447,0.08959,0.22802
0.36183,0.3769,0.06992,0.19135
0.36,0.41391,-0.03835,0.26444
0.33154,0.32732,0.0816,0.25953
0.35571,0.39059,0.05759,0.19611
0.39924,0.39281,0.03041,0.17754
0.36349,0.33869,0.06887,0.22895
0.31541,0.38085,0.09805,0.20569
0.33928,0.31312,0.12413,0.22347
0.32999,0.41709,0.04479,0.20813
0.37853,0.35563,0.0158,0.25004
0.34473,0.36629,0.05672,0.23226
0.33891,0.32093,0.08279,0.25737
0.37933,0.30057,0.04009,0.28001
0.35588,0.37585,0.0552,0.21307
0.35155,0.35325,0.04932,0.24588
0.34443,0.3377,0.046,0.27187
0.33412,0.33229,0.05034,0.28325
0.37256,0.36761,0.02171,0.23812
0.35137,0.33047,0.0885,0.22965
0.36537,0.30905,0.08933,0.23625
0.37293,0.30904,0.09844,0.21959
0.34622,0.33315,0.037,0.28364
0.36031,0.33308,0.07062,0.23599
0.3609,0.35016,0.06245,0.2265
0.35853,0.32693,0.06705,0.24749
0.34472,0.37972,0.06245,0.21311
0.34591,0.36765,0.03718,0.24927
0.3891,0.33678,0.04264,0.23148
0.35687,0.34895,0.05745,0.23673
0.33462,0.32255,0.0668,0.27602
0.32889,0.31033,0.0916,0.26917
0.35289,0.33954,0.0863,0.22126
0.32302,0.31291,0.14556,0.2185
0.33696,0.42423,0.09249,0.14632
0.32301,0.38515,0.06587,0.22597
0.36537,0.31113,0.07563,0.24787
0.35633,0.42492,0.05938,0.15937
0.38913,0.38824,0.05607,0.16656
0.35146,0.34205,0.0866,0.21988
0.33377,0.37393,0.09744,0.19486
0.34048,0.35763,0.09565,0.20624
0.32947,0.34311,0.06157,0.26584
0.36205,0.31496,0.08028,0.24271
0.3329,0.32506,0.11829,0.22375
0.30995,0.30835,0.07018,0.31152
0.36361,0.34696,0.02702,0.26241
0.34175,0.34907,0.09007,0.2191
0.35024,0.32327,0.04546,0.28103
0.36341,0.35099,0.03152,0.25408
0.38455,0.36476,-0.01372,0.26441
0.34277,0.38696,0.07298,0.19729
0.3536,0.34668,0.09868,0.20104
0.34125,0.40984,0.055,0.1939
0.3645,0.32574,0.05541,0.25435
0.35973,0.34592,0.05269,0.24165
0.36779,0.33955,0.04758,0.24508
0.35825,0.36736,0.08985,0.18453
0.34445,0.33039,0.05164,0.27351
0.3713,0.34952,0.05525,0.22392
0.35096,0.2834,0.08907,0.27657
0.37771,0.36334,0.01317,0.24578
0.37157,0.31593,0.06453,0.24797
0.34654,0.39376,0.05179,0.2079
0.36668,0.30274,0.08062,0.24995
0.32974,0.35826,0.11252,0.19949
0.34068,0.39799,0.09073,0.1706
0.34592,0.40332,0.03337,0.2174
0.39743,0.34724,0.00642,0.24891
0.34048,0.38391,0.10736,0.16825
0.34188,0.36895,0.07058,0.21859
0.36428,0.36599,0.0182,0.25153
0.38922,0.42073,0.02815,0.1619
0.33992,0.34929,0.08361,0.22718
0.36051,0.43267,0.00545,0.20136
0.34443,0.30197,0.11906,0.23455
0.35213,0.34893,0.05972,0.23922
0.33574,0.36943,0.07889,0.21593
0.36021,0.36242,0.07262,0.20476
0.37503,0.27587,0.0368,0.3123
0.33099,0.37417,0.06607,0.22877
0.3496,0.35394,0.0172,0.27926
0.34528,0.36924,0.08022,0.20526
0.3345,0.33163,0.09884,0.23504
0.33692,0.35943,0.09418,0.20948
0.38785,0.37329,0.04683,0.19204
0.33764,0.31688,0.09275,0.25272
0.3396,0.35959,0.06811,0.2327
0.37328,0.3303,0.08552,0.21091
0.34578,0.32836,0.0728,0.25307
0.35162,0.40144,0.0578,0.18914
0.35869,0.3467,0.0638,0.23081
0.32919,0.40513,0.07974,0.18594
0.36412,0.30415,0.06617,0.26556
0.34489,0.35008,0.09487,0.21016
0.35115,0.34227,0.06588,0.2407
0.33668,0.32481,0.10013,0.23837
0.3616,0.29763,0.08875,0.25203
0.34067,0.33447,0.05031,0.27455
0.37404,0.25741,0.0821,0.28645
0.36262,0.35328,0.05065,0.23345
0.32588,0.342,0.09528,0.23684
0.34985,0.34554,0.08513,0.21948
0.32672,0.38652,0.06606,0.2207
0.3462,0.37893,0.04791,0.22696
0.32529,0.34671,0.07899,0.24901
0.38748,0.30716,0.05563,0.24973
0.39067,0.40667,0.01708,0.18558
0.36834,0.36273,0.05941,0.20953
0.3628,0.33939,0.05456,0.24326
0.30856,0.35435,0.09921,0.23788
0.33916,0.35913,0.07067,0.23105
0.33068,0.34169,0.10526,0.22236
0.34709,0.38498,0.04289,0.22504
0.39433,0.30525,0.0685,0.23193
0.33118,0.30799,0.09705,0.26379
0.34789,0.38062,0.06819,0.20331
0.36438,0.30853,0.11068,0.21641
0.33301,0.39078,0.0255,0.25071
0.32839,0.33719,0.08311,0.25132
0.32098,0.32664,0.0988,0.25359
0.36579,0.39276,0.04773,0.19372
0.35282,0.33572,0.08536,0.2261
0.34294,0.3408,0.1194,0.19686
0.37546,0.394,0.02302,0.20752
0.35671,0.38269,0.02778,0.23282
0.36125,0.34743,0.05674,0.23458
0.37341,0.32389,0.06264,0.24006
0.33816,0.32987,0.07261,0.25935
0.35863,0.2843,0.05094,0.30613
0.35181,0.36859,0.04292,0.23667
0.35503,0.34524,0.06719,0.23254
0.32055,0.3914,0.06094,0.22712
0.37709,0.34459,0.05672,0.2216
0.34273,0.34426,0.05143,0.26159
0.36405,0.30939,0.06872,0.25785
0.33876,0.37973,0.05175,0.22976
0.37379,0.36168,0.0678,0.19673
0.30706,0.38841,0.09432,0.21021
0.3599,0.27339,0.11408,0.25263
0.34243,0.32891,0.07697,0.2517
0.37842,0.39579,-0.00151,0.2273
0.35958,0.39442,0.02587,0.22013
0.34749,0.3306,0.10105,0.22086
0.3585,0.36242,0.02586,0.25321
0.33305,0.40505,0.02015,0.24174
0.33941,0.34333,0.09632,0.22095
0.36506,0.33722,0.0682,0.22952
0.35383,0.37614,0.04819,0.22184
0.29965,0.3382,0.12641,0.23574
0.33942,0.31905,0.09328,0.24825
0.34866,0.4116,0.05369,0.18606
0.35952,0.33917,0.08112,0.22019
0.32485,0.39092,0.0497,0.23453
0.40685,0.35532,0.02174,0.21609
0.35547,0.34896,0.07985,0.21572
0.31892,0.36532,0.04328,0.27247
0.37286,0.36613,0.04417,0.21685
0.37759,0.35021,0.07511,0.19709
0.36422,0.35689,0.03331,0.24558
0.36006,0.31152,0.06767,0.26075
0.34543,0.3964,0.03211,0.22606
0.40089,0.35386,0.00069,0.24456
0.33676,0.3151,0.04366,0.30448
0.33883,0.40569,0.03337,0.2221
0.37172,0.40967,0.04544,0.17317
0.37257,0.31293,0.0361,0.27839
0.37149,0.31415,0.06563,0.24872
0.32,0.34252,0.05884,0.27864
0.35374,0.32557,0.1134,0.20729
0.35244,0.32635,0.10446,0.21675
0.33835,0.29158,0.0896,0.28047
0.39024,0.34065,0.05046,0.21865
0.35321,0.30507,0.08142,0.2603
0.35269,0.35338,0.05007,0.24387
0.34503,0.37009,0.04834,0.23653
0.35007,0.32994,0.02316,0.29683
0.33577,0.32175,0.10736,0.23512
0.35397,0.37404,0.06864,0.20335
0.36251,0.3582,0.0695,0.20979
0.34716,0.32732,0.08536,0.24015
0.31898,0.35683,0.11867,0.20552
0.38084,0.31818,0.04369,0.25729
0.35949,0.31142,0.07798,0.25112
0.36475,0.42532,0.05089,0.15904
0.37647,0.35435,0.02411,0.24507
0.32543,0.3902,0.05639,0.22798
0.3539,0.32944,0.07645,0.24021
0.37453,0.42387,0.03861,0.16299
0.37661,0.33608,0.04953,0.23778
0.34757,0.37048,0.02555,0.2564
0.36753,0.36808,0.08045,0.18395
0.36573,0.31881,0.08745,0.22801
0.33657,0.31535,0.1205,0.22758
0.37993,0.34241,0.0552,0.22246
0.39933,0.40384,-0.04688,0.24371
0.33774,0.33203,0.11384,0.21639
0.34229,0.39459,0.08031,0.18282
0.32046,0.36902,0.07936,0.23116
0.35037,0.35158,0.06504,0.23301
0.40888,0.36899,0.07436,0.14777
0.37999,0.34237,-0.03533,0.31296
0.34593,0.37712,0.00546,0.27149
0.33251,0.38435,0.09522,0.18792
0.34357,0.28679,0.10081,0.26883
0.37179,0.32784,0.03687,0.26351
0.38265,0.29229,0.08598,0.23908
0.34962,0.31152,0.08691,0.25194
0.37304,0.4305,-0.0072,0.20366
0.33372,0.32326,0.10823,0.23479
0.34767,0.36697,0.03563,0.24973
0.35198,0.31344,0.07886,0.25573
0.32022,0.36797,0.00698,0.30483
0.32997,0.35809,0.09068,0.22126
0.37739,0.32226,0.06221,0.23814
0.36496,0.32127,0.05757,0.25621
0.33282,0.30946,0.07803,0.27968
0.37386,0.34935,0.03539,0.24139
0.35407,0.28914,0.08984,0.26695
0.36936,0.32798,0.06295,0.2397
0.34673,0.34813,0.09322,0.21192
0.37692,0.32383,0.01184,0.28741
